"","domain_name","sequence_evalue"
"1","SRR2939624.35067_1:50309",5.4e-12
"2","SRR2939624.231672_2:330545",7.8e-12
"3","SRR2939624.231672_1:330544",9.8e-12
"4","SRR2939624.95690_2:137692",4.6e-11
