"","domain_name","sequence_evalue"
"1","SRR6048648.68329970_1:55789959",1.7e-14
"2","SRR6048648.66526542_1:54318252",5e-13
"3","SRR6048648.48457532_1:39559783",6.5e-12
"4","SRR6048648.13697383_1:11174143",1.4e-11
"5","SRR6048648.19953249_1:16281745",2.2e-11
