"","domain_name","sequence_evalue"
"1","SRR10241523.3233601_2:3438909",3.8e-15
"2","SRR10241523.3233601_1:3438908",7.9e-12
