"","domain_name","sequence_evalue"
"1","SRR2939624.13377_1:19095",8.7e-29
"2","SRR2939624.13377_2:19096",8.7e-29
"3","SRR2939624.17344_1:24801",9.3e-12
